Metric,With_CLAHE,Without_CLAHE
Overall_Accuracy,0.813076,0.673931
Mean_Confidence,0.827526,0.788707

Class,With_CLAHE_Acc,Without_CLAHE_Acc,Diff
Neutral,0.832215,0.884415,-0.052200
Happiness,0.890990,0.650723,+0.240267
Surprise,0.852495,0.678959,+0.173536
Sadness,0.694511,0.369928,+0.324582
Anger,0.739264,0.441718,+0.297546
Disgust,0.500000,0.029412,+0.470588
Fear,0.597222,0.388889,+0.208333
Contempt,0.296296,0.000000,+0.296296
